hashtag,video_url,username,caption,views,likes,shares
ghanauknurses,https://www.tiktok.com/@nursegifty/video/7412677938686086433,nursegifty,En route to Central London â¤ï¸ğŸ‡¬ğŸ‡§ #uk #uktiktok #london #tiktokuk #fyp #ghanatiktokğŸ‡¬ğŸ‡­ #nurse #rn #shorthair,4606,337,1
ghanauknurses,https://www.tiktok.com/@jenniferlomotey85/video/7428174839027977505,jenniferlomotey85,#ghanatiktokersğŸ‡¬ğŸ‡­ğŸ‡¬ğŸ‡­ğŸ‡¬ğŸ‡­ #ghanafuo #ghanatiktokğŸ‡¬ğŸ‡­,340900,25300,257
ghanauknurses,https://www.tiktok.com/@scrip_tmusic__/video/7545151185725050134,scrip_tmusic__,Get you are male nurse #malenurse #ghana #rn #ukrn #ghananursesandmidwivesğŸ‡¬ğŸ‡­,8629,1321,2
ghanauknurses,https://www.tiktok.com/@officialadjoagucci/video/7141036961782926598,officialadjoagucci,#officialadjoaguccci2017 #urfoinenurseğŸ’•ğŸ’•,24600,1079,1
ghanauknurses,https://www.tiktok.com/@inspirational_kukupak/video/7521329134971161878,inspirational_kukupak,There are shifts and there are â€œshitsâ€ğŸ˜†ğŸ˜¹ğŸ¤­ Grateful to God for survival!ğŸ¤—ğŸ’ƒğŸ¾ğŸ™ŒğŸ¾ #fyp #nursetok #nursetiktoker #ukrn #ghanatiktokğŸ‡¬ğŸ‡­ #ghanaukticktokersğŸ‡¬ğŸ‡­ğŸ‡¬ğŸ‡§ #uktiktok,17200,287,2
ghanauknurses,https://www.tiktok.com/@manu3llax/video/7336687767562243361,manu3llax,gen-z nurses ğŸ’œ #manu3lla #manu3llax #fypã‚·ã‚šviral #foryoupage #makemefamous #makemeviral #blowthisup #likes #childnursing #childnurseâ¤ï¸ #childnursestudent #editme #blowthisupforme #fyppppppppppppppppppppppp #childnursingcourse #2ndyear #future #ghanatiktokğŸ‡¬ğŸ‡­ #speedafrobeats #views #comment #edgesonfleek #blackgirls #repost #askquestions #nursesoftiktok #nursingschool #prettylittleliars,1746,91,0
ghanauknurses,https://www.tiktok.com/@kwamevirgin9/video/7509558405736975638,kwamevirgin9,"Ghana fans ready for the match at the GTech Community Stadium in Brentford, UK ğŸ‡¬ğŸ‡­ âš½ï¸ ğŸ˜ƒ",309600,16400,1373
ghanauknurses,https://www.tiktok.com/@face_to_fame_tv/video/7545224967051316502,face_to_fame_tv,PRO for Accra regional Nurses Association crying on National Television ğŸ˜­ğŸ˜­ #ghanatiktokğŸ‡¬ğŸ‡­ #uktiktok #ghanatiktokersğŸ‡¬ğŸ‡­ğŸ‡¬ğŸ‡­ğŸ‡¬ğŸ‡­ #viralvideos #aifilter,599900,9621,505
ghanauknurses,https://www.tiktok.com/@willvybez/video/7416070617914477856,willvybez,UK GHANAIAN NURSES ASSOCIATION DINNER DANCE ğŸ’ƒ ğŸ”¥ğŸ”¥ğŸ”¥,1656,111,8
ghanauknurses,https://www.tiktok.com/@achieve_doctor/video/7451977075696684321,achieve_doctor,This is to motivate you thatyou can do everything with determination and staying focus#ghanaukticktokersğŸ‡¬ğŸ‡­ğŸ‡¬ğŸ‡§ #thenewforce #britisharmy #britisharmy #uktiktokğŸ‡¬ğŸ‡§ukğŸ‚ğŸâ™¥ï¸ğŸ¥°â™¥ï¸ğŸğŸ˜˜ğŸ’«ğŸ‚ #uktiktokğŸ‡¬ğŸ‡§ukğŸ‚ğŸâ™¥ï¸ğŸ¥°â™¥ï¸ğŸğŸ˜˜ğŸ’«ğŸ‚ #forupage #ghanafyp #influencer #LIFEINUK,258000,26100,606
ghanauknurses,https://www.tiktok.com/@obrempong_27/video/7126041396783435014,obrempong_27,Ghana ğŸ‡¬ğŸ‡­ health service clothes Available ğŸ’šğŸ’™â¤ï¸â€ğŸ”¥ğŸ–¤â¤ï¸â£ï¸ğŸ’‹ğŸ¤ğŸ’ğŸ’›ğŸ’›ğŸ’›ğŸ’›ğŸ’•ğŸ’•ğŸ’•ğŸ’•My Seamstres too never disappoints #viraltrendingğŸ’ªProud #viralâ¤ï¸trendingticktock #trendingviralvideo,56100,657,30
ghanauknurses,https://www.tiktok.com/@face_to_fame_tv/video/7548184254044228886,face_to_fame_tv,Ghanaian Nurses come and see your PRO changing styles ğŸ˜‚ğŸ˜‚ğŸ˜‚ğŸ˜‚ğŸ˜‚ğŸ˜‚ğŸ˜‚ #ghanatiktokğŸ‡¬ğŸ‡­ #ghanatiktokersğŸ‡¬ğŸ‡­ğŸ‡¬ğŸ‡­ğŸ‡¬ğŸ‡­ #uktiktok #viralvideos #aifilter,82700,1655,137
ghanauknurses,https://www.tiktok.com/@fhcuisineandmore/video/7389367791670791430,fhcuisineandmore,Dm for more enquiries and purchase Location: ksi Tafo 3miles #grocerieshaul #ukgroceriesghana,15100,110,46
ghanauknurses,https://www.tiktok.com/@naa_adoma8/video/7465653956421766405,naa_adoma8,We offer you the best you can imagine ğŸ˜©â¤ï¸#christianserviceuniversity #studentnursesoftiktokğŸ‡¬ğŸ‡­ #uktiktokğŸ‡¬ğŸ‡§uk #fyppppppppppppppppppppppp #nursingstudent #universitylife,68200,4251,22
ghanauknurses,https://www.tiktok.com/@ukgroceriestoghana/video/7525919687058722070,ukgroceriestoghana,Contact us for all your groceries from Uk to Ghana #groceryhaul #ghanashipping #ghanatiktokğŸ‡¬ğŸ‡­ #tiktokghanağŸ‡¬ğŸ‡­,5950,49,12
ghanauknurses,https://www.tiktok.com/@gershonnanaboaten/video/7437074766034455863,gershonnanaboaten,#viralvideo #ukrn #uknurses #ghanatiktokğŸ‡¬ğŸ‡­ #awuradeay3ade3ğŸ™ğŸ»ğŸ™ğŸ»ğŸ™ğŸ»ğŸ™Œ #awuradeadom ğŸ™ğŸ™,1785,145,2
ghanauknurses,https://www.tiktok.com/@agyemang_seth_darko/video/7311075600641330438,agyemang_seth_darko,How I became a UK nurse (ALL LINKS ARE IN MY PROFILE) #CapCut #nurselife #uknmc #foryou #nurse #interview #nursing #nurselife #foryoupage,11800,356,47
ghanauknurses,https://www.tiktok.com/@spunky_gh/video/7482708466511990071,spunky_gh,#CapCut #fyp#nurse#uknursesğŸ‡¬ğŸ‡§ #ghnursesğŸ‡¬ğŸ‡­ğŸ’” #sunyaninursingtraining,62000,1812,35
ghanauknurses,https://www.tiktok.com/@nursestunnar/video/7091212704223988997,nursestunnar,OSCE TRAINING ON PAIN ASSESSMENT #fyp #osce #uknurse #ghanatiktokğŸ‡¬ğŸ‡­ #uktiktok @nana_ekuyah @user8617951651388,28400,532,69
ghanauknurses,https://www.tiktok.com/@cutenurse1/video/6961814770727013638,cutenurse1,#internationalnursesday #nurses #celebrities leave a comment ğŸ¤³,12200,687,3
ghanauknurses,https://www.tiktok.com/@the.latest6/video/7542142703325170966,the.latest6,#ghana #uk #news #treanding,293800,1993,177
ghanauknurses,https://www.tiktok.com/@nursejennyxo/video/7506578209719291158,nursejennyxo,Let me help you calm down ğŸ©µ #vitals #calm #calmdown #nurselife #uknurses#viraÅ‚ #fyp,115000,474,8
ghanauknurses,https://www.tiktok.com/@texaswura/video/7514533209112071466,texaswura,I test created this from Google VeO 3 AI. #ghanatiktok #ghananursesandmidwives,167300,5849,1194
ghanauknurses,https://www.tiktok.com/@kafuidey7/video/7135015684907584774,kafuidey7,"What's it like to be an African nurse working in Europe? Listen to the story of Jeff, a psychiatric nurse from Ghana. #nurse #nursing #Ghana #UK #migration #braindrain #Africa #Europe",12400,274,14
ghanauknurses,https://www.tiktok.com/@kia2k21/video/7179857768218692869,kia2k21,#Ghana #Uk #nurses #NHS I dont think Ghana knows that are nurses are on strike due to poor quality of life and being over worked,68500,6409,232
ghanauknurses,https://www.tiktok.com/@alfrednharnaqwabe/video/7466191432122895621,alfrednharnaqwabe,Kumerica ğŸ’›ğŸ–¤ğŸ’š#ghanatiktokğŸ‡¬ğŸ‡­ #uknursesğŸ‡¬ğŸ‡§ #viral,5829,519,1
ghanauknurses,https://www.tiktok.com/@nurse_ayjhay/video/7224796859062160646,nurse_ayjhay,WE ARE ONE AND WE WON'T GIVE UPğŸ’ªpls comment if you are part of this videoğŸ’‰ğŸ©º#nursesandmidwives #ghananurses #ghananursesandmidwivesğŸ‡¬ğŸ‡­ #nursestiktok #healthawareness #ghananursesğŸŒ¡,343900,4413,567
ghanauknurses,https://www.tiktok.com/@papanurse13new/video/7471717245358689558,papanurse13new,The help you need is right infront of you! Send a DM for OSCE/OET/NCLEX training/ support . #EliteOSCETraining #fyp #viral_video #trendingvideo #ghanatiktokğŸ‡¬ğŸ‡­,17200,713,65
ghanauknurses,https://www.tiktok.com/@hanny_kuks/video/7322900906482158891,hanny_kuks,Night nurse GRWM #CapCut #fypã‚· #fyp #fypã‚·ã‚šviral #nurse #nightshift #nursesoftiktok #skincare #nighttimeskincare #uknursesğŸ‡¬ğŸ‡§ #uknurse #hannykuks #viralvideo #trend #skincareroutine #tiktokghanağŸ‡¬ğŸ‡­ğŸ‡¬ğŸ‡­ğŸ‡¬ğŸ‡­_ukğŸ‡¬ğŸ‡§ğŸ‡¬ğŸ‡§ğŸ‡¬ğŸ‡§,2784,77,1
ghanauknurses,https://www.tiktok.com/@papanurse13new/video/7547599281138453782,papanurse13new,Care home isnâ€™t for the weak! Do everything you can to safeguard your hard earned PIN my dear nurses!! #fyp #viralvideos #nurses #ghanatiktokğŸ‡¬ğŸ‡­ #clearingdrafts,8453,411,34
ghanauknurses,https://www.tiktok.com/@thebigroom1/video/7547876511206952214,thebigroom1,ANTT in OSCE gentle trainers Ghana Uk nurse #gentleoscetrainers #nurse #osce #fyp #bigroomosce,3124,126,5
ghanauknurses,https://www.tiktok.com/@kanyeeti_/video/7547274220485512470,kanyeeti_,I love this era for meğŸ¤ #selfcare #nurselife #nhsnurse #nursehumor #nursetok,9677,700,12
ghanauknurses,https://www.tiktok.com/@nanellegriselda/video/7231579018271690011,nanellegriselda,Watch this before Thursday 11th May #ghananursesandmidwivesğŸ‡¬ğŸ‡­ #overseasnursesuk #ghananursesuk,9337,260,35
ghanauknurses,https://www.tiktok.com/@tiktok.pro969/video/7519512811718937887,tiktok.pro969,how do ghanain nurses handle stress.. share yours in the comments session #nursesoftiktok #nurse #ghanatiktokğŸ‡¬ğŸ‡­ #ghananurses #ghananursesandmidwivesğŸ‡¬ğŸ‡­,8816,241,5
ghanauknurses,https://www.tiktok.com/@glamorousbeauty7/video/7002338055755517189,glamorousbeauty7,#trending #fyp#glamorousbeauty A little introduction ğŸ¥ºğŸ¥°,17500,808,6
ghanauknurses,https://www.tiktok.com/@ruhiatuabaa/video/7463464829488074017,ruhiatuabaa,Nurses deserve to have fun too #uk #healthcare #nhs #nurses #dagomba #viral #london #hijab #hijabi#viral_video #ghanatiktokğŸ‡¬ğŸ‡­ #tamaletiktokersofficial #ghanatiktokğŸ‡¬ğŸ‡­ #happiness #viral #dagombatiktok,10900,484,0
ghanauknurses,https://www.tiktok.com/@awo.kitchen/video/7511048153773165846,awo.kitchen,Catering for a wedding ğŸ’âœ¨ Dm us for any enquiries!! #eventcateringuk #ghanaianfood #cateringservice #weddingcatering #africancatering #africanfood #buffetcatering,2302,46,4
ghanauknurses,https://www.tiktok.com/@nbl.geline/video/7520322392124591416,nbl.geline,No caption,57900,2938,5
ghanauknurses,https://www.tiktok.com/@gistdropnewsgh/video/7541092024628415752,gistdropnewsgh,No caption,115400,3725,130
ghanauknurses,https://www.tiktok.com/@thebigroom1/video/7453745463414574369,thebigroom1,Yes join as a Nurse Associate in the United Kingdom #fyp #fypppppppppppppp #osce #nurse #associate,2309,58,3
ghanauknurses,https://www.tiktok.com/@abeenaberry/video/7355077275479477510,abeenaberry,The Struggle with this Brit Accent ğŸ¤£ğŸ¤£ #carework #uk #fun #work #explorepage #explore #viral #ghana,28000,571,56
ghanauknurses,https://www.tiktok.com/@bolatitrendz/video/7546576382797548806,bolatitrendz,A Ghana- Uk based woman has been sacked from work. Allegedly creating content for social media,77300,1240,238
ghanauknurses,https://www.tiktok.com/@obaapre1/video/7512380398752582934,obaapre1,Register with Elite OSCE â€¦Call the number on the flyer now #fyp #trendingvideo #Eliteosce #osce #ukrn #ghanatiktokğŸ‡¬ğŸ‡­ #education @AKUA ğŸ§ OBENG-POMAAH @Imanuel Antwi @Papanurse13 New,7534,124,6
ghanauknurses,https://www.tiktok.com/@sethdarkoagyemang/video/7533342762666560790,sethdarkoagyemang,MOH Financial Clearance For Nurses in Ghana #UKNursing #foryoupage #viralvideo #NurseGoal #moh,10200,169,6
ghanauknurses,https://www.tiktok.com/@ewuraadwoa.dycta/video/7531711403372154142,ewuraadwoa.dycta,2 years on â€¦how has your journey in another manâ€™s land been ?? Congratulations to me ğŸ‰ğŸ‰Proud Band 6 UK RM ğŸ‡¬ğŸ‡§ğŸ‰ğŸ‰God did ğŸ¤­ğŸ™ğŸ¾#fyppppppppppppppppppppppp #fypã‚· #uknursesğŸ‡¬ğŸ‡§ #band6nhs #ghnursesandmidwives,121100,6367,224
ghanauknurses,https://www.tiktok.com/@thebigroom1/video/7509408968679181590,thebigroom1,OSCE #osce #nurse #uknursesğŸ‡¬ğŸ‡§ #ghanatiktokğŸ‡¬ğŸ‡­ #ghana #nhsnurse,1590,112,4
ghanauknurses,https://www.tiktok.com/@thebiznurse/video/7506579147150445880,thebiznurse,Replying to @eyram.adzoâ¤ï¸ check @K&A RNğŸ‡ºğŸ‡¸ğŸ‡¬ğŸ‡­ for USA process Mental Health Nurse in Ghana? You can work in the UK! Hereâ€™s what you need: NMC registration + CBT + OSCE. I learned mental health nurses enjoy more in the UK than RGNs. #MentalHealthNurse #GhanaNurses #NurseMigration #NursingAbroad #UKNursePathway #NMCRegistration #PsychNurseGhana #CBTOSCEPrep #NursesOfTikTok #GhanaToUK,2904,127,7
ghanauknurses,https://www.tiktok.com/@efoselasitv/video/7420064827919404294,efoselasitv,UK based nurse who flies to Ghana every 4 months finally settles in Ghana to attend to her farm full time!! Watch full video on my channel Efo Selasi Tv Title : Im planning to move to Ghana permanentlyâ€¦ #farming #diasporatiktok #onionfarming2024 #investing #ghana #uktiktok #viraltiktok #agric #agriculture,6559,137,21
ghanauknurses,https://www.tiktok.com/@rythmx_studio/video/7500535396372155654,rythmx_studio,Meye DreamerğŸ¥°#yppppppppppppppppppppppp #londonlife #ghanatiktokğŸ‡¬ğŸ‡­ #ypfãƒƒ #uk #nurselife #nurse #nurselondon #nurseghana #uknursesğŸ‡¬ğŸ‡§ #ghananursesandmidwivesğŸ‡¬ğŸ‡­,868,134,0
ghanauknurses,https://www.tiktok.com/@thebiznurse/video/7493825349193633029,thebiznurse,"Ghanaian Nurse in UK: NMC Registration After Top-Up Degree We explain the NMC registration process for Ghanaian nurses in the UK after a top-up degree. Learn about accreditation, program leader consultations, and career progression. #GhanaianNursesUK #NMCRregistration #NursingTopUpDegree #UKNursingJobs #InternationalNurses #UniversityOfDerby #NursingCareer #RegisteredNurse #NursingEducation #OverseasNurses",1498,29,3
ghanauknurses,https://www.tiktok.com/@face_to_fame_tv/video/7531346964953238806,face_to_fame_tv,Replying to @ohemaalby1 #aifilter #fyp #uktiktok #ghanatiktokğŸ‡¬ğŸ‡­ #fyyyyyyyyyyyyyyyy #viralvideotiktok #viral,620200,6197,268
ghanauknurses,https://www.tiktok.com/@papanurse13new/video/7545764596833914134,papanurse13new,"Letâ€™s help you pass your OSCE, OET and CBT with ease! Tailored to suit your needs and availability. Send a message now. 5 weeks intensive virtual studies and 3 days face to face. #fyp #viralvideos #ghanatiktokğŸ‡¬ğŸ‡­ #nurses #trends",11400,561,33
ghanauknurses,https://www.tiktok.com/@simlar.academy/video/7393824167000427808,simlar.academy,"ğŸ“ğŸ“š Preparing for the NMC UK OSCE Exam? Let's talk about informed consent! ğŸ“ğŸ’‰ ğŸ‘©â€âš•ï¸ As a Nursing Associate, ensuring patients understand and agree to procedures is crucial. Here's a quick guide to nailing it: 1ï¸âƒ£ **Explain Clearly:** Use simple language to describe the procedure, its purpose, benefits, and risks. 2ï¸âƒ£ **Check Understanding:** Ask the patient to repeat the information to ensure they understand. 3ï¸âƒ£ **Voluntary Decision:** Ensure the patient knows they can decline or withdraw consent at any time. 4ï¸âƒ£ **Document:** Always record the consent process in the patient's notes. Practice these steps to boost your confidence and competence! ğŸ’ªâœ¨ Like, share, comment, and follow us for more videos and book your NMC UK OSCE TRAINING with us ğŸ’ª. Let's turn your UK nursing dream into reality. #OSCE #Viral #naijanurse #Zimbabweansnurse #Ghanaiannurse #zimtiktok #uknurse #nmcuk #gambiantiktok #ghanatiktokğŸ‡¬ğŸ‡­ #nurse #zambiantiktok #tiktok #japa #friends #capcut #nepalitiktok #guyanatiktok #cameroontiktokğŸ‡¨ğŸ‡² #nmc #highlight #Nursing#UkNursing#NMC #NursingAssociate #NMCOSCE #InformedConsent #NursingExam #HealthcareHeroes #NurseLife #MedicalExam #NursingPractice",6802,132,27
ghanauknurses,https://www.tiktok.com/@lourdes.agy/video/7142223416328768773,lourdes.agy,"Small girl, big heart with big dreams for realâ€¦ thank you to everyone who supported me on this journey, the contestants for giving everyone a great show and the amazing ladies who got me glammed up for the day. I may not have taken home the crown but my loved ones made me feel like a winner anyway. Love you all, your Contestant Number 4ğŸ€ #beautywithbrains #blackgirlmagic #missghanauk2022 #missghanauk #ghana #ghanatiktok #mua #glam #fyp",16100,2650,9
ghanauknurses,https://www.tiktok.com/@__her.royal.high.nurse__/video/7205521097540783366,__her.royal.high.nurse__,My Sabi Nursesâ¤ï¸ğŸ©ºâ¤ï¸ @Nyaniba Health College offers the best nursing training you can getâ¤ï¸ğŸ©ºâ¤ï¸ #foryoupage #fyp #foryou #fypã‚· #ghananurses #ghnurse #ghnursesandmidwives #nursesoftiktok #nurse #nursing #trending #cruisetok #viral,529100,8462,162
ghanauknurses,https://www.tiktok.com/@obaapre1/video/7550412765324709142,obaapre1,I wish I was told this earlierâ€¦â€¦ make your decision now ( Colleagues of the most noble profession!!) #fyp #ukrn #ghanatiktokğŸ‡¬ğŸ‡­ #goviral #awareness,6236,285,19
ghanauknurses,https://www.tiktok.com/@tiktok.pro969/video/7523624443327843615,tiktok.pro969,"at a hospital ward with about 30 bed capacity and you are just 2 nurses on dutyğŸ¤£ğŸ¤£ğŸ¤£ğŸ¤£. ""maame nurse, nsuo no asa oo""ğŸ¤£ğŸ¤£ğŸ¤£ #ghananursesandmidwivesğŸ‡¬ğŸ‡­ #nursing #nurseoftiktok #nurse #newnurse #ghananurses #uknurse",237700,4968,181
ghanauknurses,https://www.tiktok.com/@bessahghana/video/7404960376489626886,bessahghana,TRAGEDY Hits Home Of Ghanaian Family Living In Manchester - UK ğŸ¥: #SkyNews #bessahghlive,231100,4741,1293
ghanauknurses,https://www.tiktok.com/@marry_a_nurse/video/7516166414366018821,marry_a_nurse,The most beautiful nurses and midwives in Ghana #marry_a_nurse #marryanurseâ¤ï¸ #NewDayHealthProfessionals,64600,2665,28
ghanauknurses,https://www.tiktok.com/@nursealby/video/7542620454964530454,nursealby,"He should be bold to point out the place he's traveled to where doctors and nurses are very useless as he's telling us now Well, he's not to blamed simply because when you give the microphone to any nonentity, he finds it as an opportunity to tell the world how ""stupid"" he is and remember, ignorance is not as dangerous as an illusion of knowledge He's just an example of someone who's suffering from the condition of illusion of knowledge#uknursesğŸ‡¬ğŸ‡§ #fyp #ukcomedy",4291,93,1
ghanauknurses,https://www.tiktok.com/@happyesenam/video/7428221853782592811,happyesenam,"#onthisday Being a registered nurse is stressful everywhere, but there's some that pay more for the stress. It doesn't make sense to be broke and miserable at the same time.Choose wisely.#ghanaeconomyğŸ‡¬ğŸ‡­ #nusesoftiktok #ghanatiktokğŸ‡¬ğŸ‡­ #fypã‚·",16600,138,10
ghanauknurses,https://www.tiktok.com/@nadiaboampong/video/7547099765691944214,nadiaboampong,"From Nursing Officer to a UK Band 8 nurse in Digital Health Leadership and a Fellow of the Faculty of Remote, Rural and Humanitarian Healthcare (FFRRHHEd) of the Royal College of Surgeons of Edinburgh, Nang-Tege share his story with the world, and leaves some advice for Ghanaian nurses in the UK. Full video on the red channel ğŸ˜ƒâ€¦ #lifeabroad24 #nursing #unitedkingdom #nurse #nurselife @Sirrr BonsuğŸ‡¬ğŸ‡§ @ğŸŒ¸ğŸŒº um juddy18ğŸŒ¸ @Policedancestyler_gaaga @justicearkorful51 @Ghanaians Worldwide ğŸ‡¬ğŸ‡­ğŸŒ @New Kwame Gyasi|UGC creator @Achempong @Samuel Kwesi Armah @@Astonish officialâ¤ï¸ @@Expo @@Mostblessed @Afrofashion",688,71,13
ghanauknurses,https://www.tiktok.com/@learnedsaki/video/7330801369755946245,learnedsaki,#ğŸ‡¬ğŸ‡§crosscityconsultğŸ‡¬ğŸ‡­ #ukticktokğŸ‡¬ğŸ‡§ #ghanatiktokersğŸ‡¬ğŸ‡­#,4281,193,6
ghanauknurses,https://www.tiktok.com/@nursealby/video/7377731017005649185,nursealby,"Sometimes all you need is some encouragement to push you going,Arnoldâ€™s story will serve as fuel to power you to keep going.8th june 2024@ 8pm uktiktok #ukcareers #uknursesğŸ‡¬ğŸ‡§ #ukmidwifery #fyp",8771,178,4
ghanauknurses,https://www.tiktok.com/@papanurse13new/video/7504833692951448854,papanurse13new,If youâ€™re looking for a sign to start your NCLEX journey then this is it!! #fyp #viralvideos #treanding #nclex #ghanatiktokğŸ‡¬ğŸ‡­,71500,3227,446
ghanauknurses,https://www.tiktok.com/@kanyeeti_/video/7382554399257709857,kanyeeti_,Post-japa resolutions ğŸ˜‚ğŸ˜‚ #kanyiti_#ruky__ #relatable #nhsnurse #nurselife #nurse #ghanatiktokğŸ‡¬ğŸ‡­,223500,10200,231
ghanauknurses,https://www.tiktok.com/@the_boatengs/video/7389054916175662368,the_boatengs,ğŸ‡¬ğŸ‡§ English to ğŸ‡¬ğŸ‡­ Twi translation ğŸ˜† | #couples #interatialcouple #Language #English #Twi #england #Ghana #UK #London #Accra #White #black #Fyp #viral #viralvideo #lovers #marriedlife,5384,71,6
ghanauknurses,https://www.tiktok.com/@snowgyal01/video/7521708676504177942,snowgyal01,#uknurse #chrisbrown #ghanatiktokğŸ‡¬ğŸ‡­ #AfricanNurse #fyp,418,46,1
ghanauknurses,https://www.tiktok.com/@kofilondon3/video/7307640977798253856,kofilondon3,#ghanaukticktokersğŸ‡¬ğŸ‡­ğŸ‡¬ğŸ‡§ #ghanausağŸ‡¬ğŸ‡­ğŸ‡ºğŸ‡¸ #kofilondon3 #payola #fyp,268400,16100,138
ghanauknurses,https://www.tiktok.com/@gh_nurses_and_midwives/video/7418908695389539589,gh_nurses_and_midwives,@celebrity nurseâ¤ï¸ #rip #hospital #universityofghana #fyyyyyyyyyyyyyyyy #ghananursesandmidwivesğŸ‡¬ğŸ‡­ #ghana #fypage,408400,6265,259
ghanauknurses,https://www.tiktok.com/@kanyeeti_/video/7382987868605648161,kanyeeti_,OSCE can reduce your steeze and composure in this UK real quick!!ğŸ˜­ SHOULD I SHARE MY STORY OF HOW IT LEAD ME TO DEPRESSION??#nurselife #nurse #relatable #nhsnurse #ghanatiktokğŸ‡¬ğŸ‡­ #ghanatiktokersğŸ‡¬ğŸ‡­ğŸ‡¬ğŸ‡­ğŸ‡¬ğŸ‡­ #kanyiti_ #ruky__ #nigeriatiktokğŸ‡³ğŸ‡¬ğŸ‡³ğŸ‡¬ğŸ‡³ğŸ‡¬,19000,325,9
ghanauknurses,https://www.tiktok.com/@lyn.nyark/video/7455984624431418656,lyn.nyark,#LIVEhighlights #TikTokLIVE #LIVE #nursing #uknursesğŸ‡¬ğŸ‡§ #ghananursesandmidwivesğŸ‡¬ğŸ‡­ #ghanatiktokğŸ‡¬ğŸ‡­,3760,116,5
ghanauknurses,https://www.tiktok.com/@nana_akua_holdbrooke17/video/7163278150607064322,nana_akua_holdbrooke17,##ghanatiktokğŸ‡¬ğŸ‡­ #nursesoftiktok #ukrn #uk #viral #ğŸ‡¬ğŸ‡§ #ğŸ‡¬ğŸ‡­ #ghana #trending #fyp,2083,29,3
ghanauknurses,https://www.tiktok.com/@nursingplanetpodcast/video/7356743659854810400,nursingplanetpodcast,My uniform as a general practice nurse in the UK ğŸ‘©â€âš•ï¸ *please note this was filmed at a weekend* #nurse #nurses #nursingstudent #nursesoftiktok #nurseuk #nurseuniform #fyp #nursetok,51300,321,29
ghanauknurses,https://www.tiktok.com/@papanurse13new/video/7470476125303606550,papanurse13new,If youâ€™re a Ghanaian Nurse/Midwife in the UK and have passed your NCLEX then this group is for you! !! Join now as we learn a thing or two from each other ! Link in my bio!! #fyp #viral_video #ghanatiktokğŸ‡¬ğŸ‡­,13400,362,51
ghanauknurses,https://www.tiktok.com/@nursemj01/video/7222305827288403206,nursemj01,#nigeria #nurse #nursesoftiktok #redlistcountry #tiktokuk #nigeriantiktok #fyp #yup #youtuber #yourpage #fupp #fypp #fyppppppppppppppppppppppp #instagram #ghanatiktokğŸ‡¬ğŸ‡­ #uk #nigeria #canada #usa,2500000,56400,2006
ghanauknurses,https://www.tiktok.com/@afiamercy123/video/7291811139971779846,afiamercy123,#nurse #trending #like #fyp #goviral #explore #viral #trend #like @~SandyyyğŸ¦‹â¤ï¸â™ï¸ @Assah Augustina,235500,10900,550
ghanauknurses,https://www.tiktok.com/@kayla.kale/video/7543236443645218070,kayla.kale,Want the full story? ğŸ˜± Nanelle Griselda has the complete video on her YouTube â€” go watch it now! ğŸ“ºğŸ”¥ https://youtube.com/@nanellegriselda?si=aGzMgwUEwap20hF7#dailynews #ghananewstoday #ghananewstoday #uknurse #ghanatiktokğŸ‡¬ğŸ‡­,14600,132,103
ghanauknurses,https://www.tiktok.com/@face_to_fame_tv/video/7547053026717011222,face_to_fame_tv,Our Greater Accra PRO for Nurses is in Labour letâ€™s pray for her ğŸ˜³ğŸ˜³ğŸ˜³ğŸ˜³ğŸ˜³ğŸ˜³ #ghanatiktokğŸ‡¬ğŸ‡­ #ghanatiktokersğŸ‡¬ğŸ‡­ğŸ‡¬ğŸ‡­ğŸ‡¬ğŸ‡­ #uktiktok #viralvideos #aifilter,283300,4940,753
ghanauknurses,https://www.tiktok.com/@_k.boateng/video/7477179557372726530,_k.boateng,Donâ€™t say I didnâ€™t warn you #foryoupageofficiall #uktiktokğŸ‡¬ğŸ‡§uk #ghanatiktokğŸ‡¬ğŸ‡­ #nursehumor #uknursesğŸ‡¬ğŸ‡§ #humortiktok #nursetraveler,5994,378,24
ghanauknurses,https://www.tiktok.com/@gdnalliance_/video/7523970043244301599,gdnalliance_,Ever heard of Ghanaian-Diaspora Nursing Alliance (G-DNA)? Let us introduce ourselves. #gdna #ghanaiandiasporanursingalliance #ghana #ghanaian #ghanatiktok #ghanaiannurses #ghananurses #ghananursesandmidwivesğŸ‡¬ğŸ‡­ #ghananursesandmidwives #kumasitiktokers #ghanahealthservice #africantiktok #midwives #ghanamidwivesâ¤ï¸ #ghanaiansabroad #worldhealthorganization #unicef #cdc #healthcarousel #nurse #nursesoftiktok #nursetok,281,20,3
ghanauknurses,https://www.tiktok.com/@officialodeneho/video/7103643050303393030,officialodeneho,Uniform no ğŸ’šğŸ¤âœ…ğŸ˜#studentnurses #nuresesoftiktok #ghananurse #ghanatiktok #soundalert,632500,53700,158
ghanauknurses,https://www.tiktok.com/@rosie_konadu/video/7340350046828825888,rosie_konadu,Replying to @adetolaaa_ One of the best decisions i have made in my career is becoming a clinical research nurse. The future prospects of this nursing specialty is enormous. #fypã‚·ã‚šviralğŸ–¤tiktokâ˜†â™¡ğŸ¦‹myvideoâ¤ï¸â¤ï¸ğŸ¥°ğŸ¥°ğŸ¥°fyp #uknursesğŸ‡¬ğŸ‡§ #ghanatiktokersğŸ‡¬ğŸ‡­ğŸ‡¬ğŸ‡­ğŸ‡¬ğŸ‡­ğŸ‡³ğŸ‡¬ğŸ‡³ğŸ‡¬ğŸ‡³ğŸ‡¬_ukğŸ‡¬ğŸ‡§ğŸ‡¬ğŸ‡§ğŸ‡¬ğŸ‡§mum #viral#ghanatiktokğŸ‡¬ğŸ‡­loveâ¤ï¸â¤ï¸ #nursesoftiktok#nurses#progress#,4060,170,59
ghanauknurses,https://www.tiktok.com/@akosua_jenfua/video/7467623143939542304,akosua_jenfua,Drop your location and letâ€™s make some new friends ğŸ˜Š. If you want to join the WhatsApp group just dm me. UK Only #fypviraltiktokğŸ–¤ã‚·ã‚šâ˜†â™¡ #ghanatiktokğŸ‡¬ğŸ‡­ #ghanauktiktokersğŸ‡¬ğŸ‡­ğŸ‡¬ğŸ‡§ #goviral #tiktokghanağŸ‡¬ğŸ‡­ğŸ‡¬ğŸ‡­ğŸ‡¬ğŸ‡­_ukğŸ‡¬ğŸ‡§ğŸ‡¬ğŸ‡§ğŸ‡¬ğŸ‡§ #contentcreator #tiktokviral #friends #ghanafuodotcom,6487,263,1
ghanauknurses,https://www.tiktok.com/@winniehospital/video/7420904942640073990,winniehospital,#CapCut #nursesoftiktok #uknurse #ghanafuodotcom #viraltiktok #ghananursesandmidwivesğŸ‡¬ğŸ‡­,1844,45,4
ghanauknurses,https://www.tiktok.com/@afyaamoako/video/7456431648687590678,afyaamoako,A glimpse into a day in the life of a dental nurse! ğŸ¦·âœ¨ #motivationph #fypp #ghanatiktokğŸ‡¬ğŸ‡­ #dentalnurse #germany #dentalassistant # #adayinmylife #ZFA,63000,4260,195
ghanauknurses,https://www.tiktok.com/@lyn.nyark/video/7550037124049947926,lyn.nyark,#ghanatiktokğŸ‡¬ğŸ‡­ #fyppp #uknursesğŸ‡¬ğŸ‡§ #ukticktokğŸ‡¬ğŸ‡§ #fyp,259,6,1
ghanauknurses,https://www.tiktok.com/@thebiznurse/video/7506437082311593221,thebiznurse,"Replying to @wendy_Saal Can a Public Health Nurse from Ghana work as an Adult Nurse in the UK? YES â€” a Public Health Nurse/ community health nurse from diploma level upwards from Ghana can work as an Adult Nurse in the UK, usually by applying through the NMC international registration pathway #communityhealthnurse #diplomacommunityhealthnurse â€¢ #PublicHealthNurse â€¢ #GhanaNurses â€¢ #NursingAbroad â€¢ #NurseMigration â€¢ #UKNursePathway â€¢ #NMCRegistration â€¢ #NursesOfGhana â€¢ #NurseToUK â€¢ #AdultNurseUK â€¢ #StudyNursingAbroad â€¢ #GhanaToUK â€¢ #AfricanNurses â€¢ #NursingInTheUK â€¢ #NurseRegistration â€¢ #GhanaNurseJourney â€¢ #RGNinUK â€¢ #CareMigration â€¢ #NMCApproved â€¢ #NursingCareer â€¢ #NurseRelocation â€¢ can a public health nurse work in uk â€¢ how to register as a nurse in uk from ghana â€¢ public health nurse to adult nurse uk â€¢ public health nurse nmc registration â€¢ uk nursing jobs for ghana nurses â€¢ nmc requirements for international nurses â€¢ convert public health nurse to adult nurse â€¢ public health nurse uk pathway â€¢ how to become a nurse in uk from ghana â€¢ steps to work in uk as a nurse @fiifinanaba",34800,1491,72
ghanauknurses,https://www.tiktok.com/@kejetiafoodsonline/video/7510220629413547286,kejetiafoodsonline,"ğŸ‡¬ğŸ‡­ Ghanaian plug in the UK? Say less! Weâ€™ve got your FanYogo and FanIce cravings covered. Fresh stock, authentic taste, doorstep delivery. Tag a Ghanaian who knows the vibe ğŸ’¯ ğŸ“© Order now â€“ limited quantities! #FanIceReloaded #FanYogoLove #DiasporaCravings #GhanaSnackPlug #GhanaToUK #AfroTreatsLondon #GhanaianOwnedBusiness #TwiTok #UKGhanaian",60800,1519,272
ghanauknurses,https://www.tiktok.com/@ruhiatuabaa/video/7445603273106607393,ruhiatuabaa,Sister Maria thanks for joining us in prayers ğŸ™ ğŸ™ ğŸ™ ğŸ™ #hijabi #islam #muslimtiktok #quran_alkarim #nurse #ghanatiktokğŸ‡¬ğŸ‡­ #nhs #fyp #uk #,11600,660,3
ghanauknurses,https://www.tiktok.com/@adelenarosee/video/7238278040919362859,adelenarosee,DITL International Nursing Edition ğŸ¤©ğŸ¥ #fyp #travel #ghana #nursing #nurse #student #studyabroad #dayinthelife,6434,158,10
ghanauknurses,https://www.tiktok.com/@modern_nursesandmidwives/video/7173738839159229702,modern_nursesandmidwives,"WHAT ARE YOU COMMENTS ON THIS.... Health Minister, Kwaku Agyemang Manu, has revealed an imminent bilateral agreement between the Government of Ghana and the British Government to send Ghanaian trained Nurses to the United Kingdom (UK) in EXCHANGE FOR FINANCIAL CONSIDERATIONS.ğŸ§ğŸ¤”ğŸ¤” #xyz #makemefamous #fypã‚· #VIRAL #viral #nurses #modernnursesandmidwives #trend #uk #ghana #foryou #fyppp",36200,891,113
ghanauknurses,https://www.tiktok.com/@nursestunnar/video/7092772277682441477,nursestunnar,HOW TO PASS YOUR IELTS EXAM ONCE. TIPS AND BITS. Subscribe to Watch Full Video on YouTube- Nursing with Stunnar #fypã‚· #fyp #nursing #uknursesğŸ‡¬ğŸ‡§ #ghananurse #ielts,17500,547,34
ghanauknurses,https://www.tiktok.com/@agyeiwaa031/video/7456028546624949509,agyeiwaa031,Nurses in Ghana and their uniform,560400,8370,208
ghanauknurses,https://www.tiktok.com/@rosie_konadu/video/7338917585985064224,rosie_konadu,"Replying to @Brain I have lits of questions about rising in bands and moving into specialties. This is going to be a series. Kinkdy follow ,like and share . â¤ï¸â¤ï¸â¤ï¸â¤ï¸â¤ï¸â¤ï¸â¤ï¸â¤ï¸â¤ï¸â¤ï¸â¤ï¸â¤ï¸â¤ï¸â¤ï¸â¤ï¸ #nurses#uknursesğŸ‡¬ğŸ‡§#viralâ¤ï¸#ghananursesandmidwivesğŸ‡¬ğŸ‡­#ghanatiktokersğŸ‡¬ğŸ‡­ğŸ‡¬ğŸ‡­ğŸ‡¬ğŸ‡­ #ghananursesintheukğŸ‡¬ğŸ‡§",22100,396,29
ghanauknurses,https://www.tiktok.com/@abenamercedesuk/video/7100869457081306373,abenamercedesuk,How to migrate to the uk as a nurse #ghanatiktokğŸ‡¬ğŸ‡­ #abenamercedesuk #tiktokuk #africa #ghnurses #ghnurse #africannurses #skilledworkervisa #skilledworkers #fypage #fyp,7902,235,49
ghanauknurses,https://www.tiktok.com/@miss.dorismovic/video/7304890256908733702,miss.dorismovic,#missDorismovic #urfinenurseâ¤ï¸â¤ï¸â¤ï¸ #proudnurse #fypğŸ‡¬ğŸ‡­ğŸ‡¬ğŸ‡­ğŸ‡¬ğŸ‡­â¤ï¸â¤ï¸â¤ï¸â¤ï¸â¤ï¸,20200,521,10
ghanauknurses,https://www.tiktok.com/@c4news/video/7548907224442162454,c4news,"An 81-year-old British citizen has finally returned home to the UK, after being stranded in Ghana for four months because of a discrepency in her documentation. Channel 4 News first reported Hannah Dankwa's case two weeks ago, as her family pleaded with the Home Office to allow her to travel home for cancer treatment. Critics say Hannah's experience shows there are still lessons to be learned, seven years after the Windrush scandal came to light. #Channel4News #C4News #UK #Ghana #Windrush #UKPolitics",416600,31000,5728
ghanauknurses,https://www.tiktok.com/@princess.michy2/video/7544445268259867926,princess.michy2,,4371,175,10
ghanauknurses,https://www.tiktok.com/@de_compoundhouse/video/7464885697728498977,de_compoundhouse,#ğŸ‡¬ğŸ‡­ğŸ‡¬ğŸ‡§ğŸ‘Œ #ifweallightupwecanscareawaythedark #teamwork #GraceandgratitudeğŸ˜‡ğŸ™ğŸ½ @Aquasi_KK @akuaboatemaaaduboahen @Vee,1137,115,5
ghanauknurses,https://www.tiktok.com/@trouble_carlos6/video/7543359247199833366,trouble_carlos6,#troublecarlospagewewantitbackcooljay06 #ghanatiktokersğŸ‡¬ğŸ‡­ğŸ‡¬ğŸ‡­ğŸ‡¬ğŸ‡­ #ghanafuodotcom #Troublecarlos #promomakanliburan,327500,8729,727
ghanauknurses,https://www.tiktok.com/@rythmx_studio/video/7366673000034356485,rythmx_studio,Happy Nurses week #ghanatiktokğŸ‡¬ğŸ‡­ #uknursesğŸ‡¬ğŸ‡§ #ghananurses #nurselife #nurseweek,2705,96,0
ghanauknurses,https://www.tiktok.com/@maameserwaa_asare/video/7499566236930428182,maameserwaa_asare,#fyp#uklifeğŸ‡¬ğŸ‡§ #africantiktok #ghanatiktokğŸ‡¬ğŸ‡­ #uktiktok,47000,3101,57
ghanauknurses,https://www.tiktok.com/@lyn.nyark/video/7438638999985458465,lyn.nyark,#LIVEhighlights #TikTokLIVE #LIVE #growmyaccount #nursing #uknurse #ghanatiktokğŸ‡¬ğŸ‡­ #fyp #uknursesğŸ‡¬ğŸ‡§,62500,1941,511
ghanauknurses,https://www.tiktok.com/@kingderek_official/video/7174022517785414918,kingderek_official,"Ghana to trade nurses for cash with UK, State to earn Â£1,000 per nurse. Full details ğŸ˜±ğŸ˜± #ghana #nurses #uk #ghanaiannurse",40100,1442,60
ghanauknurses,https://www.tiktok.com/@realtimzz_t96/video/7549857748519800086,realtimzz_t96,"Ghanaian uncle showed up dripped out in full St. George's Cross at today's London protest to ""unite the country""!ğŸ‘€ [cca: ğŸ¥ london_open_tv] #centrallondon #london #unitedkingdom #MANLIKETIMZ #mltiktok",47200,749,230
ghanauknurses,https://www.tiktok.com/@thebigroom1/video/7440401182083796256,thebigroom1,Join our OSCE training #oscetraining #nurse #ghanatiktokğŸ‡¬ğŸ‡­ #gentlern #Registerednurse #uknurse #tik_tok #fyp #tips @KGğŸ‡¬ğŸ‡­ @Adepa Maame @Diana Dennis @3mr3pa b3ba(ğŸ‡¬ğŸ‡§UK RN)ğŸ‘‰ğŸ‡ºğŸ‡¸,28500,616,80
ghanauknurses,https://www.tiktok.com/@paa_kwasi_jonathan_tv/video/7540574535578307870,paa_kwasi_jonathan_tv,#fyp #fypã‚· #trending #foryou #fypage #tiktok #viralvideo #foryoupage #viral,6247,108,6
ghanauknurses,https://www.tiktok.com/@friends.of.nanelle/video/7317911214598737184,friends.of.nanelle,#afuaasantewaa has gain massive attention among local and international mediağŸ«¡ğŸ¤›ğŸ¾ğŸ’ªğŸ¾ #guinnessworldrecords #ghanasingers #ghana #singingmarathon #ghanatiktokğŸ‡¬ğŸ‡­ #ghanamedia #nanelle #nanellegriselda #nanelletiktok #nanelle2024 #uknursesğŸ‡¬ğŸ‡§ #ghanaiansintheuk,13400,249,2
ghanauknurses,https://www.tiktok.com/@face_to_fame_tv/video/7544000338735418646,face_to_fame_tv,#ghanatiktokğŸ‡¬ğŸ‡­ #uktiktok #aifilter #ghanatiktokersğŸ‡¬ğŸ‡­ğŸ‡¬ğŸ‡­ğŸ‡¬ğŸ‡­ #viralvideos I present to you Sarah Danquah the PRO for Nurses (Greator Accra Region) ğŸ˜‚ğŸ˜‚ğŸ˜‚ğŸ˜‚,595300,16100,2855
ghanauknurses,https://www.tiktok.com/@face_to_fame_tv/video/7545430596324199682,face_to_fame_tv,Meet Mrs. Danquah Greater Accra Regional PRO for NURSES ğŸ˜‚ğŸ˜‚ğŸ˜‚ğŸ˜‚ #ghanatiktokğŸ‡¬ğŸ‡­ #uktiktok #ghanatiktokersğŸ‡¬ğŸ‡­ğŸ‡¬ğŸ‡­ğŸ‡¬ğŸ‡­ #viralvideos #aifilter,389100,11000,1871
ghanauknurses,https://www.tiktok.com/@kanyeeti_/video/7529177885169487126,kanyeeti_,Howâ€™s your Sunday going ??#kanyiti_ #nurselife #nursestiktok #nhsnurse,42500,2687,37
ghanauknurses,https://www.tiktok.com/@bbyfrancy2/video/7234112714128297221,bbyfrancy2,#bbyfrancy2 #GNA#Ghana nurses association ğŸ‡¬ğŸ‡§ğŸ’,13500,391,3
ghanauknurses,https://www.tiktok.com/@24ghcomedy2/video/7547423980362255672,24ghcomedy2,Song titled: I miss you mama ğŸ¥¹#tiktoknigerianigeriağŸ‡³ğŸ‡¬ğŸ‡³ğŸ‡¬ #fypã‚·ã‚šviralğŸ–¤ #crying #fypã‚·ã‚šviralğŸ–¤tiktokâ˜†â™¡ğŸ¦‹ #trendingghanatiktokğŸ‡¬ğŸ‡­ğŸ‡¬ğŸ‡­ #ghanatiğŸ‡³ğŸ‡¬ğŸ‡³ğŸ‡¬ğŸ‡³ğŸ‡¬_ukğŸ‡¬ğŸ‡§ğŸ‡¬ğŸ‡§ğŸ‡¬ğŸ‡§ #fypã‚·ã‚šviralğŸ–¤tiktokâ˜†â™¡ğŸ¦‹myvideo #crying #fypã‚·ã‚šviralğŸ–¤tik #fypã‚·ã‚šviralğŸ–¤tik #tiktokghanağŸ‡¬ğŸ‡­fypğŸ’«â¤ï¸â¤ï¸ğŸ”¥ #tiktokghanağŸ‡¬ğŸ‡­fypğŸ’«â¤ï¸â¤ï¸ğŸ”¥ #tiktoknigerianigeriağŸ‡³ğŸ‡¬ğŸ‡³ğŸ‡¬ This video doesnâ€™t support violence TikTok.,601100,33300,18400
ghanauknurses,https://www.tiktok.com/@lyn.nyark/video/7454929036083563809,lyn.nyark,#LIVEhighlights #TikTokLIVE #LIVE #uknursesğŸ‡¬ğŸ‡§ #ghanatiktokğŸ‡¬ğŸ‡­ #ghananurses #ghananursesandmidwivesğŸ‡¬ğŸ‡­ ghananurse,19400,515,18
ghanauknurses,https://www.tiktok.com/@vitaments_and_more/video/7538867154104388894,vitaments_and_more,100 p grocery pack; shipping included. #afrakoma #tiktokghanağŸ‡¬ğŸ‡­ #ghanatiktokğŸ‡¬ğŸ‡­ #ghana #ukgroceries,564700,13500,8900
ghanauknurses,https://www.tiktok.com/@ghananursesabroad/video/7360291422400023814,ghananursesabroad,Ghana Nurses Organization is giving an opportunity to nurses in Ghana to apply fo jobs abroad from now to the end of May. Dont miss out on this opportunity.God bless all nurses#viralvideo #ghanatiktokğŸ‡¬ğŸ‡­ #ghnurses #ghnursesandmidwives #gh #viral #nurse,14600,184,51
