video_url,comment_author,comment_text,comment_likes
https://www.tiktok.com/@thebigroom1/video/7547876511206952214,Unknown,"I had thisâ€¦my last gauze to dry the wound fell, assessor said I canâ€™t open a new sterile pack because of just a single gauze so use your clinical judgment. I said I will allow the wound to air dry for 30secs before applying dressing. It came out passâ€¦Gentle trainers the best ğŸ¥°ğŸ˜",0
https://www.tiktok.com/@thebigroom1/video/7547876511206952214,Unknown,My fear then,0
https://www.tiktok.com/@thebigroom1/video/7547876511206952214,Unknown,MSU and ANTTğŸ˜‚. Easiest but fearestğŸ˜…,0
https://www.tiktok.com/@thebigroom1/video/7547876511206952214,Unknown,I had this in 2022 and torn my gloves ğŸ˜‚ğŸ˜‚ğŸ˜‚but I passed it once,0
https://www.tiktok.com/@thebigroom1/video/7547876511206952214,Unknown,The best teacher you could ever get...I am glad I met you....,0
https://www.tiktok.com/@kanyeeti_/video/7547274220485512470,Unknown,The kissğŸ¥°,0
https://www.tiktok.com/@kanyeeti_/video/7547274220485512470,Unknown,That kiss was too loud ğŸ¥¹ğŸ¥¹ğŸ¥¹ğŸ¥¹ğŸ¥¹ jealousy wan wound me,0
https://www.tiktok.com/@kanyeeti_/video/7547274220485512470,Unknown,Was the kissing part necessary RUKYğŸ¥¹ğŸ¥¹ğŸ¥¹ğŸ˜­ğŸ˜­ğŸ˜­ğŸ˜­? Canâ€™t we play anymore? Awww. Youâ€™re tormenting me oğŸ¥°,0
https://www.tiktok.com/@kanyeeti_/video/7547274220485512470,Unknown,ğŸ¥¹ peace and soft life in one video,0
https://www.tiktok.com/@kanyeeti_/video/7547274220485512470,Unknown,We have seen you oo ğŸ‘€ğŸ˜‚ğŸ˜‚,0
https://www.tiktok.com/@kanyeeti_/video/7547274220485512470,Unknown,We have seen Sheeje in the hands of this relationship people ğŸ˜­ğŸ˜­ğŸ’”,0
https://www.tiktok.com/@kanyeeti_/video/7547274220485512470,Unknown,was the kiss necessary ğŸ™„ğŸ¤£,0
https://www.tiktok.com/@kanyeeti_/video/7547274220485512470,Unknown,I love it for you,0
https://www.tiktok.com/@kanyeeti_/video/7547274220485512470,Unknown,Just 5 seconds inğŸ¥¹,0
https://www.tiktok.com/@kanyeeti_/video/7547274220485512470,Unknown,Love it for youğŸ¥°,0
https://www.tiktok.com/@willvybez/video/7416070617914477856,Unknown,Nice one bro,0
https://www.tiktok.com/@willvybez/video/7416070617914477856,Unknown,ğŸ˜ğŸ˜ğŸ˜ğŸ˜,0
https://www.tiktok.com/@papanurse13new/video/7545764596833914134,Unknown,Can a nurse assistant from Ghana but in the UK also write it please,0
https://www.tiktok.com/@papanurse13new/video/7545764596833914134,Unknown,I need help on OET please,0
https://www.tiktok.com/@papanurse13new/video/7545764596833914134,Unknown,Iâ€™m currently in the UK. Iâ€™m done with my CBT. I would like to join so to write my Osce and oet please,0
https://www.tiktok.com/@papanurse13new/video/7545764596833914134,Unknown,i was thinking u are gone to USA ooo,0
https://www.tiktok.com/@papanurse13new/video/7545764596833914134,Unknown,Everything Uk ..we are tired of this Uk,0
https://www.tiktok.com/@papanurse13new/video/7545764596833914134,Unknown,pls I'm currently doing my national service..will complete 20 may 2026..can I still write it oh I should wait when I'm done then I write..,0
https://www.tiktok.com/@papanurse13new/video/7545764596833914134,Unknown,"I am in the UK but was a registered midwife in Ghana I would like to start the process to get my pin in the UK please I need assistance with the OSCE,OET and CBT",0
https://www.tiktok.com/@papanurse13new/video/7545764596833914134,Unknown,My sis has gotten her pin but job no like almost 4months now no job oo papa nurse ğŸ¥º,0
https://www.tiktok.com/@papanurse13new/video/7545764596833914134,Unknown,Am a midwife and I want to start currently in uk,0
https://www.tiktok.com/@papanurse13new/video/7545764596833914134,Unknown,GROM JANUARY WE ARE DOING NCLEX NKOAAA NO OSCE,0
https://www.tiktok.com/@paa_kwasi_jonathan_tv/video/7540574535578307870,Unknown,My church member oh ğŸ˜¥ğŸ˜¥ğŸ˜­ğŸ˜­,0
https://www.tiktok.com/@paa_kwasi_jonathan_tv/video/7540574535578307870,Unknown,ğŸ¤”ğŸ¤”ğŸ¤”ğŸ¤”ğŸ¤”ğŸ¤”,0
https://www.tiktok.com/@yhaashaker/video/7456032069873962245,Unknown,Which school please,0
https://www.tiktok.com/@yhaashaker/video/7456032069873962245,Unknown,please what uniform does public health nurse wear,0
https://www.tiktok.com/@yhaashaker/video/7456032069873962245,Unknown,please what uniform do degree in public health wear,0
https://www.tiktok.com/@yhaashaker/video/7456032069873962245,Unknown,Please does a degree nurse go for an interview?,0
https://www.tiktok.com/@yhaashaker/video/7456032069873962245,Unknown,proud to be a student of Catholic university ğŸ¥°ğŸ¥°ğŸ¥°,0
https://www.tiktok.com/@yhaashaker/video/7456032069873962245,Unknown,Manuel,0
https://www.tiktok.com/@yhaashaker/video/7456032069873962245,Unknown,Have u completed,0
https://www.tiktok.com/@yhaashaker/video/7456032069873962245,Unknown,Pls location,0
https://www.tiktok.com/@yhaashaker/video/7456032069873962245,Unknown,"@Yyaya shaker as a degree student, are you suppose to wear the white uniform for lectures every day",0
https://www.tiktok.com/@yhaashaker/video/7456032069873962245,Unknown,Pls ur cut off point for degree nursing,0
https://www.tiktok.com/@__her.royal.high.nurse__/video/7205521097540783366,Unknown,"Aww my school oo,2013 we were there some",0
https://www.tiktok.com/@__her.royal.high.nurse__/video/7205521097540783366,Unknown,Teacher training is worse we even wash flowers ğŸ’ ğŸ˜‚ğŸ˜‚ğŸ˜‚,0
https://www.tiktok.com/@__her.royal.high.nurse__/video/7205521097540783366,Unknown,so after all this the salary is not enough,0
https://www.tiktok.com/@__her.royal.high.nurse__/video/7205521097540783366,Unknown,Our school year twos donâ€™t work oo only year ones ğŸ˜,0
https://www.tiktok.com/@__her.royal.high.nurse__/video/7205521097540783366,Unknown,Ohh my professiona nursing,0
https://www.tiktok.com/@__her.royal.high.nurse__/video/7205521097540783366,Unknown,That style is my favorite ğŸ¤©,0
https://www.tiktok.com/@__her.royal.high.nurse__/video/7205521097540783366,Unknown,imagine after all this stress someone can just come to ur facility and be like you don't know what you are doing,0
https://www.tiktok.com/@__her.royal.high.nurse__/video/7205521097540783366,Unknown,My principal will tell you you are a preventive nurse so no one got to do cleaning for you ğŸ˜©ğŸ˜©. We suffered in training school oo,0
https://www.tiktok.com/@__her.royal.high.nurse__/video/7205521097540783366,Unknown,Cheers to those nurses out there that knows the qualities of a good nurse and also practice it ğŸ¥°ğŸ¥°,0
https://www.tiktok.com/@__her.royal.high.nurse__/video/7205521097540783366,Unknown,eiii year two paaa,0
https://www.tiktok.com/@lyn.nyark/video/7455984624431418656,Unknown,Pls do hv to write the ielts before the osce,0
https://www.tiktok.com/@lyn.nyark/video/7455984624431418656,Unknown,already done with necessary step passed OET and passed CBT can you help me,0
https://www.tiktok.com/@lyn.nyark/video/7455984624431418656,Unknown,God bless you ğŸ™,0
https://www.tiktok.com/@lyn.nyark/video/7455984624431418656,Unknown,"ğŸ‘ğŸ‘Your livestream is awesome, can we talk about it?",0
https://www.tiktok.com/@lyn.nyark/video/7455984624431418656,Unknown,Hello everyone. Upgrade your previous failed scores. For those taking the OET/IELTS test soon exact questions and answers are available for January February. For more info dm +44 7879 548891,0
https://www.tiktok.com/@nana_akua_holdbrooke17/video/7163278150607064322,Unknown,So one should finish with the Ielts before applying?,0
https://www.tiktok.com/@nana_akua_holdbrooke17/video/7163278150607064322,Unknown,@nana_akua_holdbrooke17,0
https://www.tiktok.com/@kafuidey7/video/7135015684907584774,Unknown,ğŸ‡¨ğŸ‡¦ VACANCYğŸ‡¨ğŸ‡¦ ğŸ‡¨ğŸ‡¦VACANCYğŸ‡¨ğŸ‡¦ ğŸ‡¨ğŸ‡¦ VACANCYğŸ‡¨ğŸ‡¦ WhatsApp or Contact +233533176594 We're a title organizations called AFRICA LINKS TRAVEL AND WORK,0
https://www.tiktok.com/@wofafoodtour/video/7499087959539469590,Unknown,Iâ€™ve been trying to order from them but they donâ€™t respond the phone,0
https://www.tiktok.com/@wofafoodtour/video/7499087959539469590,Unknown,Nsawam Market paaa,0
https://www.tiktok.com/@wofafoodtour/video/7499087959539469590,Unknown,Why did you live in nsawam ? ğŸ˜„,0
https://www.tiktok.com/@wofafoodtour/video/7499087959539469590,Unknown,Thank you for this! We appreciate it ğŸ™ğŸ¾,0
https://www.tiktok.com/@wofafoodtour/video/7499087959539469590,Unknown,You see that malt can drink in the fridge is 0.50p I always go there to buy like 50 anytime I go there,0
https://www.tiktok.com/@suspensussss/video/7506653656343743766,Unknown,Only 3yesrs?,0
https://www.tiktok.com/@suspensussss/video/7506653656343743766,Unknown,I think i remember this video. I didn't watch it at all but remember seeing it on mainstream media years ago,0
https://www.tiktok.com/@suspensussss/video/7506653656343743766,Unknown,Dear god,0
https://www.tiktok.com/@suspensussss/video/7506653656343743766,Unknown,3 year's for Christ's sake people got that long for hurty words .,0
https://www.tiktok.com/@suspensussss/video/7506653656343743766,Unknown,that thing is not British ğŸ‘ğŸ‘ğŸ‘ğŸ‘ğŸ‘ğŸ‘,0
https://www.tiktok.com/@djkingbizzy1/video/7278424080993275179,Unknown,"Only this gifts alone are okay, even if no one sprays money",0
https://www.tiktok.com/@djkingbizzy1/video/7278424080993275179,Unknown,"je veux pas de cadeau ni de grand mariage je veux de l'amour, Ãªtre heureux et prier avec mon mari et mes enfants dans le foyer prÃ©sent et futur ğŸ™ğŸ¥°",0
https://www.tiktok.com/@djkingbizzy1/video/7278424080993275179,Unknown,The gifts are small,0
https://www.tiktok.com/@djkingbizzy1/video/7278424080993275179,Unknown,This one I'm seeing marriage video this early morning Lord i tap into this oo in Jesus Name Amen ğŸ™,0
https://www.tiktok.com/@djkingbizzy1/video/7278424080993275179,Unknown,the guy that bought a set of pot is mommy's close friend.,0
https://www.tiktok.com/@djkingbizzy1/video/7278424080993275179,Unknown,Je me connecte Ã  cette grÃ¢ce ğŸ™ğŸ¾,0
https://www.tiktok.com/@djkingbizzy1/video/7278424080993275179,Unknown,eii who else saw the woman ğŸ¤£,0
https://www.tiktok.com/@djkingbizzy1/video/7278424080993275179,Unknown,I receive gifts of love in Jesus mighty name ğŸ™,0
https://www.tiktok.com/@djkingbizzy1/video/7278424080993275179,Unknown,Am enjoying the comment section ğŸ’ƒğŸ’ƒğŸ’ƒğŸ˜‚ğŸ˜‚ğŸ˜‚ğŸ˜‚is like some beef is going on ğŸ¤£ğŸ¤£ğŸ¤£ğŸ¤£ğŸ¤£ğŸ˜ğŸ›Œ,0
https://www.tiktok.com/@djkingbizzy1/video/7278424080993275179,Unknown,Les vrais amis ğŸ¥°ğŸ¥°,0
https://www.tiktok.com/@erica_baffour/video/7480146221806505221,Unknown,what a beauty ğŸ’“ğŸ’“ğŸ’“,0
https://www.tiktok.com/@erica_baffour/video/7480146221806505221,Unknown,Erica you are so beautiful ğŸ˜â¤ï¸and I'm Eric too I'm very cute ğŸ¥º perfect combo,0
https://www.tiktok.com/@erica_baffour/video/7480146221806505221,Unknown,hi give me a call,0
https://www.tiktok.com/@erica_baffour/video/7480146221806505221,Unknown,"Pretty of you,Dear.",0
https://www.tiktok.com/@erica_baffour/video/7480146221806505221,Unknown,fresh gal noaa nieğŸ¥°,0
https://www.tiktok.com/@erica_baffour/video/7480146221806505221,Unknown,"aaa who are you, wow beauty paaaa nie",0
https://www.tiktok.com/@erica_baffour/video/7480146221806505221,Unknown,Heya ğŸ˜…ğŸ˜,0
https://www.tiktok.com/@erica_baffour/video/7480146221806505221,Unknown,beautiful Erica ğŸ¥°ğŸ¥°,0
https://www.tiktok.com/@erica_baffour/video/7480146221806505221,Unknown,Ghana girls with black skin are always beautiful,0
https://www.tiktok.com/@erica_baffour/video/7480146221806505221,Unknown,Your lips and smiles ğŸ¥° so cute,0
https://www.tiktok.com/@kwamevirgin9/video/7509558405736975638,Unknown,Ghana have pretty woman,0
https://www.tiktok.com/@kwamevirgin9/video/7509558405736975638,Unknown,"Ghanaian people is a very nice people, I have too much respect for them...",0
https://www.tiktok.com/@kwamevirgin9/video/7509558405736975638,Unknown,TANA from GHANA,0
https://www.tiktok.com/@kwamevirgin9/video/7509558405736975638,Unknown,"3-2 Pa iya e, 2-1 ogun de lo ma pa mumsy yin",0
https://www.tiktok.com/@kwamevirgin9/video/7509558405736975638,Unknown,Ghana women â¤ï¸â¤ï¸â¤ï¸ğŸ’¯,0
https://www.tiktok.com/@kwamevirgin9/video/7509558405736975638,Unknown,Finalement câ€™est pas si malğŸ‘€ le Ghana ğŸ‡¬ğŸ‡­,0
https://www.tiktok.com/@kwamevirgin9/video/7509558405736975638,Unknown,Gals Dey Uk paa Eii ğŸ˜‚,0
https://www.tiktok.com/@kwamevirgin9/video/7509558405736975638,Unknown,are the end Nigeria 2 Ghana 1 ğŸ¤£ğŸ¤£ğŸ¤£ğŸ¤£,0
https://www.tiktok.com/@kwamevirgin9/video/7509558405736975638,Unknown,What are my sisters doing there ğŸ˜‚ğŸ˜‚ğŸ˜‚,0
https://www.tiktok.com/@kwamevirgin9/video/7509558405736975638,Unknown,H3lloooo darling....such a heartwarming response ğŸ‘ŒğŸ‘ŒğŸ‘ŒğŸ‘ŒğŸ‘Œ,0
https://www.tiktok.com/@suyagarden_/video/7527621317349330198,Unknown,"""Ghanaian""",0
https://www.tiktok.com/@suyagarden_/video/7527621317349330198,Unknown,Is it pork or chicken?ğŸ˜­,0
https://www.tiktok.com/@suyagarden_/video/7527621317349330198,Unknown,This was so so good at GPITP! Brought back memories,0
https://www.tiktok.com/@suyagarden_/video/7527621317349330198,Unknown,Please what is the full address,0
https://www.tiktok.com/@suyagarden_/video/7527621317349330198,Unknown,Please what type and brand of sausage is this?ğŸ™,0
https://www.tiktok.com/@suyagarden_/video/7527621317349330198,Unknown,suya is nigerian,0
https://www.tiktok.com/@suyagarden_/video/7527621317349330198,Unknown,The best to do it ğŸ¤¤â¤ï¸,0
https://www.tiktok.com/@raen_beauty_hub/video/7524685382550654214,Unknown,Obi s3 itâ€™s giving aba fresh our day ğŸ˜«,0
https://www.tiktok.com/@raen_beauty_hub/video/7524685382550654214,Unknown,We are in this together waiğŸ˜‚,0
https://www.tiktok.com/@raen_beauty_hub/video/7524685382550654214,Unknown,"All those saying they are not going,have Vvip tickets(front seat bam) ğŸ˜‚",0
https://www.tiktok.com/@raen_beauty_hub/video/7524685382550654214,Unknown,Youâ€™re not alone sis,0
https://www.tiktok.com/@raen_beauty_hub/video/7524685382550654214,Unknown,Sister you need to come wai ğŸ˜,0
https://www.tiktok.com/@raen_beauty_hub/video/7524685382550654214,Unknown,Iâ€™m sleeping abegğŸ˜‚ğŸ˜‚ğŸ˜‚ğŸ˜‚,0
https://www.tiktok.com/@raen_beauty_hub/video/7524685382550654214,Unknown,I'm in bed ğŸ˜­. my anxiety no go gree me go,0
https://www.tiktok.com/@raen_beauty_hub/video/7524685382550654214,Unknown,Me too ğŸ¤£ğŸ¤£ğŸ¤£ğŸ¤£,0
https://www.tiktok.com/@raen_beauty_hub/video/7524685382550654214,Unknown,We large abeg ğŸ˜‚ğŸ˜…,0
https://www.tiktok.com/@raen_beauty_hub/video/7524685382550654214,Unknown,You are not alone dearğŸ˜‚,0
https://www.tiktok.com/@akosua_jenfua/video/7471730781665135894,Unknown,I won't fail biaağŸ˜„ğŸ˜„ğŸ˜„,0
https://www.tiktok.com/@akosua_jenfua/video/7471730781665135894,Unknown,taste ğŸ”¥ğŸ”¥ğŸ”¥ğŸ”¥ğŸ”¥,0
https://www.tiktok.com/@akosua_jenfua/video/7471730781665135894,Unknown,One only AkosuağŸ˜®â€ğŸ’¨ğŸ”¥,0
https://www.tiktok.com/@akosua_jenfua/video/7471730781665135894,Unknown,Nice dress,0
https://www.tiktok.com/@akosua_jenfua/video/7471730781665135894,Unknown,Everything in its right proportion ğŸ¥°,0
https://www.tiktok.com/@akosua_jenfua/video/7471730781665135894,Unknown,heavy duty Jessy ğŸ˜,0
https://www.tiktok.com/@akosua_jenfua/video/7471730781665135894,Unknown,Fallen already ğŸ’¯â™¥ï¸â™¥ï¸,0
https://www.tiktok.com/@akosua_jenfua/video/7471730781665135894,Unknown,Beautiful,0
https://www.tiktok.com/@akosua_jenfua/video/7471730781665135894,Unknown,are from NKZ ?,0
https://www.tiktok.com/@ghanainu/video/7488415368147455263,Unknown,Log in,0
https://www.tiktok.com/@abigailamachapaman/video/7143209756474281221,Unknown,"My dear, I donâ€™t think you read my message well. What youâ€™re saying now is what I said in my message.",0
https://www.tiktok.com/@abigailamachapaman/video/7143209756474281221,Unknown,yeah that's exactly what she said dear..thanks for letting us know.,0
https://www.tiktok.com/@abigailamachapaman/video/7143209756474281221,Unknown,Yes you need transit visa because you donâ€™t have British passport . If it was British passport you will have pass peacefully,0
https://www.tiktok.com/@abigailamachapaman/video/7143209756474281221,Unknown,The person said uk passport not permit. Thereâ€™s a difference. You donâ€™t need a transit visa with a uk passport,0
https://www.tiktok.com/@abigailamachapaman/video/7143209756474281221,Unknown,Thatâ€™s true,0
https://www.tiktok.com/@abigailamachapaman/video/7143209756474281221,Unknown,Sorry guys I miss understood the question ğŸ˜…,0
https://www.tiktok.com/@abigailamachapaman/video/7143209756474281221,Unknown,"Yea, if you hold a Ghanaian passport",0
https://www.tiktok.com/@abigailamachapaman/video/7143209756474281221,Unknown,I am Nigerian and often fly with KLM to Lagos and I always have to go get a transit visa. Itâ€™s only if you have a UK passport or member of the EU,0
https://www.tiktok.com/@abigailamachapaman/video/7143209756474281221,Unknown,True ğŸ¥°ğŸ¥°ğŸ¥°,0
https://www.tiktok.com/@abigailamachapaman/video/7143209756474281221,Unknown,shingy visa,0
https://www.tiktok.com/@mustaphabekoe/video/7373835045544512774,Unknown,It is not easy spending pounds without converting UK,0
https://www.tiktok.com/@mustaphabekoe/video/7373835045544512774,Unknown,ğŸ˜‚ğŸ˜‚ğŸ˜‚ ğŸ˜ğŸ˜ğŸ˜ eeii yes,0
https://www.tiktok.com/@mustaphabekoe/video/7373835045544512774,Unknown,WeiğŸ˜‚,0
https://www.tiktok.com/@mustaphabekoe/video/7373835045544512774,Unknown,ğŸ‘ğŸ¾ğŸ‘ğŸ¾ğŸ‘ğŸ¾,0
https://www.tiktok.com/@mustaphabekoe/video/7373835045544512774,Unknown,Anyone doing projects back home ğŸ‡¬ğŸ‡­ğŸ‡¬ğŸ‡­ğŸ‡¬ğŸ‡­ and need plumber please am available thanks,0
https://www.tiktok.com/@mustaphabekoe/video/7373835045544512774,Unknown,yr mouth come ooo,0
https://www.tiktok.com/@mustaphabekoe/video/7373835045544512774,Unknown,ğŸ‡¨ğŸ‡¦ VACANCYğŸ‡¨ğŸ‡¦ ğŸ‡¨ğŸ‡¦VACANCYğŸ‡¨ğŸ‡¦ ğŸ‡¨ğŸ‡¦ VACANCYğŸ‡¨ğŸ‡¦ WhatsApp or Contact +233533176594 We're a title organizations called AFRICA LINKS TRAVEL AND WORK,0
https://www.tiktok.com/@mustaphabekoe/video/7373835045544512774,Unknown,":âœˆï¸ğŸ‡¨ğŸ‡¦ Fastline_Travels_and_Work:ğŸŒJob vacancies with Visa Sponsorship to Canada Work and Pay +233536389361 FastlineTravel and Work In Canada with free Visa, Accommodations with FeedingğŸ‡¨ğŸ‡¦ğŸŒğŸŒ",0
https://www.tiktok.com/@mustaphabekoe/video/7373835045544512774,Unknown,Are you wondering how to get Canadian Visa and travel to Canada with Free Visa Sponsorship and work permit? If yes then this is your opportunity. Call or WhatsApp +233533655066,0
https://www.tiktok.com/@mustaphabekoe/video/7373835045544512774,Unknown,ğŸ‡¨ğŸ‡¦ VACANCYğŸ‡¨ğŸ‡¦ ğŸ‡¨ğŸ‡¦VACANCYğŸ‡¨ğŸ‡¦ ğŸ‡¨ğŸ‡¦ VACANCYğŸ‡¨ğŸ‡¦ WhatsApp or Contact +233533176594 We're a title organizations called AFRICA LINKS TRAVEL AND WORK,0
https://www.tiktok.com/@theworldlywonderer/video/7549490785096437014,Unknown,Right now Ghana seems to be schizophrenic,0
https://www.tiktok.com/@theworldlywonderer/video/7549490785096437014,Unknown,"So, they accept deportees but cry at Nigerians. Tufiakwa. Brainwash",0
https://www.tiktok.com/@houstonsgotspice/video/7393384009956461867,Unknown,Dang all the good food is in Texas ğŸ˜ğŸ˜,0
https://www.tiktok.com/@houstonsgotspice/video/7393384009956461867,Unknown,not me finding out that my cousin has a restaurant through tiktok!,0
https://www.tiktok.com/@houstonsgotspice/video/7393384009956461867,Unknown,that's not far from my house. I'll have to check it out,0
https://www.tiktok.com/@houstonsgotspice/video/7393384009956461867,Unknown,Iâ€™ve never had African food but I some how crave it,0
https://www.tiktok.com/@houstonsgotspice/video/7393384009956461867,Unknown,Their presentation is so good! Africa represent ğŸ¤,0
https://www.tiktok.com/@houstonsgotspice/video/7393384009956461867,Unknown,Girl I thought this was in Richmond Virginia ğŸ¥ºğŸ¥ºğŸ¥ºğŸ¥ºğŸ¥ºğŸ¥ºğŸ’”ğŸ’”ğŸ’”ğŸ’”ğŸ’”ğŸ’”ğŸ’”ğŸ’”ğŸ’”ğŸ’”ğŸ’”ğŸ’”,0
https://www.tiktok.com/@houstonsgotspice/video/7393384009956461867,Unknown,77407??? Iâ€™m there ğŸ˜­ğŸ˜­ğŸ˜­ğŸ’•ğŸ’•ğŸ’• go egg eaters!!!!,0
https://www.tiktok.com/@houstonsgotspice/video/7393384009956461867,Unknown,Location please,0
https://www.tiktok.com/@houstonsgotspice/video/7393384009956461867,Unknown,Im trying to convincd hubby that 2 hours and 51 minutes one way really ain't bad ğŸ˜©,0
https://www.tiktok.com/@naanadonkorarthur/video/7549489893332880695,Unknown,may our legend rest in perfect PEACE ğŸ’”ğŸ’”,0
https://www.tiktok.com/@naanadonkorarthur/video/7549489893332880695,Unknown,"who heard ""cerebrate"" before coming to the comment section ?",0
https://www.tiktok.com/@naanadonkorarthur/video/7549489893332880695,Unknown,Okay,0
https://www.tiktok.com/@naanadonkorarthur/video/7549489893332880695,Unknown,Nyame nhyira wo paa mommy,0
https://www.tiktok.com/@naanadonkorarthur/video/7549489893332880695,Unknown,that's goodğŸ˜,0
https://www.tiktok.com/@naanadonkorarthur/video/7549489893332880695,Unknown,ğŸ’•ğŸ’•ğŸ’•ğŸ’•ğŸ’•ğŸ’•,0
https://www.tiktok.com/@naanadonkorarthur/video/7549489893332880695,Unknown,â¤ï¸â¤ï¸â¤,0
https://www.tiktok.com/@miltexiabblessed/video/7354528547081293099,Unknown,19 year in Ghana by now anka yaanom adi no dadaada,0
https://www.tiktok.com/@miltexiabblessed/video/7354528547081293099,Unknown,the gidigidi in Ghana is because of the sun ğŸ˜‚ğŸ˜‚ğŸ˜‚ yâ€™adwene aseÉ›,0
https://www.tiktok.com/@miltexiabblessed/video/7354528547081293099,Unknown,"I got American visa but I Don't like America ,I want Russian visa",0
https://www.tiktok.com/@miltexiabblessed/video/7354528547081293099,Unknown,You sure say dem born her for usa cos the twi dey flow,0
https://www.tiktok.com/@miltexiabblessed/video/7354528547081293099,Unknown,I am Davison from Ghana but currently in Dubai I am interested,0
https://www.tiktok.com/@miltexiabblessed/video/7354528547081293099,Unknown,How are you doing,0
https://www.tiktok.com/@miltexiabblessed/video/7354528547081293099,Unknown,look at how she's speaking twi nice â¤ï¸â¤ï¸â¤ï¸,0
https://www.tiktok.com/@miltexiabblessed/video/7354528547081293099,Unknown,she is my crush ğŸ’•ğŸ’•,0
https://www.tiktok.com/@miltexiabblessed/video/7354528547081293099,Unknown,Hello dear,0
https://www.tiktok.com/@miltexiabblessed/video/7354528547081293099,Unknown,nice to meet u to,0
https://www.tiktok.com/@msefah55/video/7550419605018234117,Unknown,Yyy do u like black sherif mooo,0
https://www.tiktok.com/@supermomakos/video/7328810757531929898,Unknown,All u need is a blanket! These overpriced â€œbaby carriersâ€ are so unnecessary,0
https://www.tiktok.com/@supermomakos/video/7328810757531929898,Unknown,"its an African thing, we do it in different styles too",0
https://www.tiktok.com/@supermomakos/video/7328810757531929898,Unknown,I'm not the smartest guy but why not in the front so u can see the child,0
https://www.tiktok.com/@supermomakos/video/7328810757531929898,Unknown,here in Kenya we kundÃ®kağŸ˜…,0
https://www.tiktok.com/@supermomakos/video/7328810757531929898,Unknown,"Beautiful child! Wrapping baby on back is done all over africa,she knows what she's doing.",0
https://www.tiktok.com/@supermomakos/video/7328810757531929898,Unknown,you can take a girl out of Ghana....ğŸ˜‚ğŸ‘,0
https://www.tiktok.com/@supermomakos/video/7328810757531929898,Unknown,she wraps like us Ugandansâ˜ºï¸â˜ºï¸â˜ºï¸,0
https://www.tiktok.com/@supermomakos/video/7328810757531929898,Unknown,Mommy you are so pretty !!!,0
https://www.tiktok.com/@supermomakos/video/7328810757531929898,Unknown,Gonna make it hard to drive ğŸ˜‚,0
https://www.tiktok.com/@supermomakos/video/7328810757531929898,Unknown,I'd be so scared I'd drop him,0
https://www.tiktok.com/@djnadwa/video/7545125788706721046,Unknown,babe that was uuuu??? I WAS ON MY FEET ALLLLLL NIGHT CUZ OF U,0
https://www.tiktok.com/@djnadwa/video/7545125788706721046,Unknown,"Once you hear Shatta Waleeee, itâ€™s gone ğŸš€",0
https://www.tiktok.com/@djnadwa/video/7545125788706721046,Unknown,Active ğŸ”¥ğŸ”¥ğŸ”¥ğŸ”¥,0
https://www.tiktok.com/@djnadwa/video/7545125788706721046,Unknown,Stonebwoy see this one di33 he go vex oooğŸ¤£ğŸ¤£,0
https://www.tiktok.com/@djnadwa/video/7545125788706721046,Unknown,swear? lemme book a trip,0
https://www.tiktok.com/@djnadwa/video/7545125788706721046,Unknown,Whatâ€™s the name of the second song?,0
https://www.tiktok.com/@djnadwa/video/7545125788706721046,Unknown,Itâ€™s a huge African community in the DMV.,0
https://www.tiktok.com/@djnadwa/video/7545125788706721046,Unknown,The intro alone is mad ğŸ˜‚,0
https://www.tiktok.com/@djnadwa/video/7545125788706721046,Unknown,yes come back for independence wai,0
https://www.tiktok.com/@djnadwa/video/7545125788706721046,Unknown,2nd song id? ğŸ’¯ğŸ’¯,0
https://www.tiktok.com/@tr3nding_2/video/7526524222152199480,Unknown,"massa, this road is around GoasoğŸ¤£ğŸ¤£ğŸ¤£.. western region.",0
https://www.tiktok.com/@tr3nding_2/video/7526524222152199480,Unknown,So ECG won't off the light? i hate promise and fail oo ğŸ˜©ğŸ˜¡,0
https://www.tiktok.com/@tr3nding_2/video/7526524222152199480,Unknown,Even if it's evil forest kraa I will still come ğŸ˜‚ğŸ˜‚,0
https://www.tiktok.com/@tr3nding_2/video/7526524222152199480,Unknown,this is kutukrom in the western region around prestea,0
https://www.tiktok.com/@tr3nding_2/video/7526524222152199480,Unknown,this guy should pray for his job cos this is unprofessional,0
https://www.tiktok.com/@tr3nding_2/video/7526524222152199480,Unknown,Make we see car numberğŸ˜‚ğŸ˜‚,0
https://www.tiktok.com/@tr3nding_2/video/7526524222152199480,Unknown,"those areas are farming zones, the roads are like that because of the farming machines.",0
https://www.tiktok.com/@tr3nding_2/video/7526524222152199480,Unknown,His red eyes is the road color tells you this man is very tired in one of Ghana village.,0
https://www.tiktok.com/@tr3nding_2/video/7526524222152199480,Unknown,Those saying itâ€™s not America then itâ€™s where Ghana we get Amazon car for delivery ğŸ˜‚,0
https://www.tiktok.com/@tr3nding_2/video/7526524222152199480,Unknown,better than our major roads,0
https://www.tiktok.com/@official.the.o/video/7211731969183321390,Unknown,Not the joy ointment ğŸ˜‚ğŸ˜‚,0
https://www.tiktok.com/@official.the.o/video/7211731969183321390,Unknown,Remember u asked for them,0
https://www.tiktok.com/@official.the.o/video/7211731969183321390,Unknown,you know the vibe ğŸ¥°ğŸ˜‚,0
https://www.tiktok.com/@official.the.o/video/7211731969183321390,Unknown,Joy Ointment killed meğŸ˜‚ğŸ˜‚,0
https://www.tiktok.com/@official.the.o/video/7211731969183321390,Unknown,I love it ğŸ˜‚ğŸ˜‚ğŸ˜‚. Ghanaian mothers for you,0
https://www.tiktok.com/@official.the.o/video/7211731969183321390,Unknown,"Turkey berries aka Kwaw nsusaa, Yaa asntewaa or samantr)ba",0
https://www.tiktok.com/@official.the.o/video/7211731969183321390,Unknown,For joy,0
https://www.tiktok.com/@official.the.o/video/7211731969183321390,Unknown,wow ğŸ¤£ğŸ¤£ğŸ¤£,0
https://www.tiktok.com/@official.the.o/video/7211731969183321390,Unknown,very necessary ğŸ˜‚,0
